date,value,transformed,z_score,extreme,signal_strength,volatility,indicator,change_30d,transformed_10y,transformed_3m,yield_spread,inverted
2002-07-01,1.73,1.73,0.11667692739093506,True,1.982575174858225,1.9759877204234766,Federal Funds Rate,,,,,
2002-08-01,1.74,1.74,0.11175099750936413,True,3.6654781584747056,2.008595208757523,Federal Funds Rate,,,,,
2002-09-01,1.75,1.75,0.10682506762779317,True,4.650120101664422,2.027673373683451,Federal Funds Rate,,,,,
2002-10-01,1.75,1.75,0.10682506762779317,True,4.829235430886744,2.0311438654853697,Federal Funds Rate,,,,,
2002-11-01,1.34,1.34,0.3087881927722015,True,4.719026065653723,2.0290084776310944,Federal Funds Rate,,,,,
2002-12-01,1.24,1.24,0.3580474915879108,True,3.431248380415866,2.0040568338007403,Federal Funds Rate,,,,,
2003-01-01,1.24,1.24,0.3580474915879108,True,1.2558757229436972,1.9619073817875918,Federal Funds Rate,,,,,
2009-03-01,0.18,0.18,0.88019605903443,True,1.4734779490234602,1.9661235856433308,Federal Funds Rate,,,,,
2009-04-01,0.15,0.15,0.8949738486791428,True,3.9214170847341947,2.013554214495513,Federal Funds Rate,,,,,
2009-05-01,0.18,0.18,0.88019605903443,True,5.487721023610797,2.043902510215291,Federal Funds Rate,,,,,
2009-06-01,0.21,0.21,0.8654182693897171,True,6.246343615280706,2.0586013832630186,Federal Funds Rate,,,,,
2009-07-01,0.16,0.16,0.8900479187975718,True,6.35702862149338,2.060745987012593,Federal Funds Rate,,,,,
2009-08-01,0.16,0.16,0.8900479187975718,True,5.695777071956697,2.0479337498264347,Federal Funds Rate,,,,,
2009-09-01,0.15,0.15,0.8949738486791428,True,4.288334654572603,2.020663513423935,Federal Funds Rate,,,,,
2009-10-01,0.12,0.12,0.9097516383238554,True,2.163457354993576,1.9794924462668675,Federal Funds Rate,,,,,
2023-06-01,5.08,5.08,1.533509582935328,True,1.159758427164722,1.9600450381876786,Federal Funds Rate,,,,,
2023-07-01,5.12,5.12,1.553213302461612,True,5.036811888363928,2.0351658126691965,Federal Funds Rate,,,,,
2023-08-01,5.33,5.33,1.6566578299746015,True,8.620144000330281,2.104595519060747,Federal Funds Rate,,,,,
2023-09-01,5.33,5.33,1.6566578299746015,True,11.316248026717318,2.1568345259694337,Federal Funds Rate,,,,,
2023-10-01,5.33,5.33,1.6566578299746015,True,13.202729954263528,2.19338650670968,Federal Funds Rate,,,,,
2023-11-01,5.33,5.33,1.6566578299746015,True,14.299912013316805,2.21464521950489,Federal Funds Rate,,,,,
2023-12-01,5.33,5.33,1.6566578299746015,True,14.689496006883449,2.222193697134929,Federal Funds Rate,,,,,
2024-01-01,5.33,5.33,1.6566578299746015,True,14.3868230620373,2.216329185268123,Federal Funds Rate,,,,,
2024-02-01,5.33,5.33,1.6566578299746015,True,13.322947626449091,2.1957158129035004,Federal Funds Rate,,,,,
2024-03-01,5.33,5.33,1.6566578299746015,True,11.471678141266242,2.1598460992426727,Federal Funds Rate,,,,,
2024-04-01,5.33,5.33,1.6566578299746015,True,8.816371794192266,2.108397577504675,Federal Funds Rate,,,,,
2024-05-01,5.33,5.33,1.6566578299746015,True,5.2962187697754555,2.0401920125997597,Federal Funds Rate,,,,,
2024-06-01,5.33,5.33,1.6566578299746015,True,0.8206713819722378,1.9534749762304648,Federal Funds Rate,,,,,
2009-03-01,8.7,8.7,1.553574033955617,True,4.199999999999999,,Unemployment Rate,4.199999999999999,,,,
2009-04-01,9.0,9.0,1.7071414898801631,True,4.6,,Unemployment Rate,4.6,,,,
2009-05-01,9.4,9.4,1.9118980977795577,True,4.9,,Unemployment Rate,4.9,,,,
2009-06-01,9.5,9.5,1.963087249754406,True,5.1,,Unemployment Rate,5.1,,,,
2009-07-01,9.5,9.5,1.963087249754406,True,4.9,,Unemployment Rate,4.9,,,,
2009-08-01,9.6,9.6,2.0142764017292545,True,5.1,,Unemployment Rate,5.1,,,,
2009-09-01,9.8,9.8,2.116654705678952,True,5.4,,Unemployment Rate,5.4,,,,
2009-10-01,10.0,10.0,2.219033009628649,True,5.5,,Unemployment Rate,5.5,,,,
2009-11-01,9.9,9.9,2.167843857653801,True,5.5,,Unemployment Rate,5.5,,,,
2009-12-01,9.9,9.9,2.167843857653801,True,5.300000000000001,,Unemployment Rate,5.300000000000001,,,,
2010-01-01,9.8,9.8,2.116654705678952,True,5.1000000000000005,,Unemployment Rate,5.1000000000000005,,,,
2010-02-01,9.8,9.8,2.116654705678952,True,5.200000000000001,,Unemployment Rate,5.200000000000001,,,,
2010-03-01,9.9,9.9,2.167843857653801,True,5.2,,Unemployment Rate,5.2,,,,
2010-04-01,9.9,9.9,2.167843857653801,True,5.2,,Unemployment Rate,5.2,,,,
2010-05-01,9.6,9.6,2.0142764017292545,True,4.8999999999999995,,Unemployment Rate,4.8999999999999995,,,,
2010-06-01,9.4,9.4,1.9118980977795577,True,4.4,,Unemployment Rate,4.4,,,,
2010-07-01,9.4,9.4,1.9118980977795577,True,4.4,,Unemployment Rate,4.4,,,,
2010-08-01,9.5,9.5,1.963087249754406,True,4.6,,Unemployment Rate,4.6,,,,
2010-09-01,9.5,9.5,1.963087249754406,True,4.4,,Unemployment Rate,4.4,,,,
2010-10-01,9.4,9.4,1.9118980977795577,True,4.4,,Unemployment Rate,4.4,,,,
2010-11-01,9.8,9.8,2.116654705678952,True,4.4,,Unemployment Rate,4.4,,,,
2010-12-01,9.3,9.3,1.8607089458047092,True,3.700000000000001,,Unemployment Rate,3.700000000000001,,,,
2020-04-01,14.8,14.8,4.676112304421382,True,10.600000000000001,,Unemployment Rate,10.600000000000001,,,,
2020-05-01,13.2,13.2,3.857085872823804,True,9.0,,Unemployment Rate,9.0,,,,
2020-06-01,11.0,11.0,2.730924529377135,True,6.9,,Unemployment Rate,6.9,,,,
2020-07-01,10.2,10.2,2.321411313578346,True,6.199999999999999,,Unemployment Rate,6.199999999999999,,,,
2020-08-01,8.4,8.4,1.4000065780310718,True,4.300000000000001,,Unemployment Rate,4.300000000000001,,,,
2020-09-01,7.8,7.8,1.0928716661819797,True,3.8,,Unemployment Rate,3.8,,,,
2000-01-01,6.66,6.66,2.582197086473286,True,0.0,,10-Year Treasury Rate,,,,,
2001-04-03,34.72,34.72,1.7638518094524032,True,0.339570840257206,,VIX (Market Volatility),,,,,
2001-09-17,41.76,41.76,2.6005498667329583,True,20.684921609710276,,VIX (Market Volatility),,,,,
2001-09-18,38.87,38.87,2.2570758062868213,True,12.332923921681955,,VIX (Market Volatility),,,,,
2001-09-19,40.56,40.56,2.4579308796965007,True,17.21696409218988,,VIX (Market Volatility),,,,,
2001-09-20,43.74,43.74,2.835871195343115,True,26.407051513618967,,VIX (Market Volatility),,,,,
2001-09-21,42.66,42.66,2.7075141070103017,True,23.285889747850582,,VIX (Market Volatility),,,,,
2001-09-24,37.75,37.75,2.1239647517194604,True,9.096163571996247,,VIX (Market Volatility),,,,,
2001-09-25,35.81,35.81,1.8933973893438532,True,3.489632252004922,,VIX (Market Volatility),,,,,
2001-09-26,35.26,35.26,1.8280303536188092,True,1.9001517231413882,,VIX (Market Volatility),,,,,
2001-10-08,35.12,35.12,1.811391471797889,True,1.495556679430672,,VIX (Market Volatility),,,,,
2001-10-09,34.83,34.83,1.7769252165974116,True,0.6574669460299087,,VIX (Market Volatility),,,,,
2001-10-12,35.27,35.27,1.829218845177447,True,1.9290513691207398,,VIX (Market Volatility),,,,,
2001-10-15,35.31,35.31,1.8339728114119955,True,2.044649953038084,,VIX (Market Volatility),,,,,
2001-10-17,35.08,35.08,1.8066375055633406,True,1.3799580955133275,,VIX (Market Volatility),,,,,
2001-10-18,34.95,34.95,1.7911871153010581,True,1.0042626977819629,,VIX (Market Volatility),,,,,
2002-07-15,35.03,35.03,1.800695047770155,True,1.235459865616652,,VIX (Market Volatility),,,,,
2002-07-16,36.65,36.65,1.9932306802693736,True,5.917202514269198,,VIX (Market Volatility),,,,,
2002-07-17,35.45,35.45,1.8506116932329157,True,2.4492449967488006,,VIX (Market Volatility),,,,,
2002-07-18,35.12,35.12,1.811391471797889,True,1.495556679430672,,VIX (Market Volatility),,,,,
2002-07-19,38.17,38.17,2.173881397182221,True,10.309948703128393,,VIX (Market Volatility),,,,,
2002-07-22,41.87,41.87,2.613623273877967,True,21.00281771548298,,VIX (Market Volatility),,,,,
2002-07-23,44.92,44.92,2.976113199262299,True,29.817209739180704,,VIX (Market Volatility),,,,,
2002-07-24,39.86,39.86,2.3747364705918996,True,15.1939888736363,,VIX (Market Volatility),,,,,
2002-07-25,39.27,39.27,2.304615468632308,True,13.488909760855442,,VIX (Market Volatility),,,,,
2002-07-26,35.51,35.51,1.857742642584738,True,2.622642872624807,,VIX (Market Volatility),,,,,
2002-08-01,36.95,36.95,2.0288854270284884,True,6.7841918936493135,,VIX (Market Volatility),,,,,
2002-08-02,41.29,41.29,2.5446907634770124,True,19.326638248681455,,VIX (Market Volatility),,,,,
2002-08-05,45.08,45.08,2.995129064200493,True,30.27960407485008,,VIX (Market Volatility),,,,,
2002-08-06,42.03,42.03,2.632639138816162,True,21.46521205115238,,VIX (Market Volatility),,,,,
2002-08-07,38.73,38.73,2.240436924465901,True,11.928328877971238,,VIX (Market Volatility),,,,,
2002-08-08,36.33,36.33,1.9551989503929845,True,4.9924138429304215,,VIX (Market Volatility),,,,,
2002-08-09,35.33,35.33,1.8363497945292693,True,2.1024492449967465,,VIX (Market Volatility),,,,,
2002-08-12,37.05,37.05,2.0407703426148593,True,7.073188353442665,,VIX (Market Volatility),,,,,
2002-08-13,35.82,35.82,1.89458588090249,True,3.5185318979842535,,VIX (Market Volatility),,,,,
2002-09-03,39.97,39.97,2.3878098777369083,True,15.511884979409002,,VIX (Market Volatility),,,,,
2002-09-04,37.44,37.44,2.0871215134017085,True,8.2002745466368,,VIX (Market Volatility),,,,,
2002-09-05,38.86,38.86,2.2558873147281844,True,12.304024275702623,,VIX (Market Volatility),,,,,
2002-09-06,36.33,36.33,1.9551989503929845,True,4.9924138429304215,,VIX (Market Volatility),,,,,
2002-09-09,36.45,36.45,1.969460849096631,True,5.339209594682476,,VIX (Market Volatility),,,,,
2002-09-10,35.08,35.08,1.8066375055633406,True,1.3799580955133275,,VIX (Market Volatility),,,,,
2002-09-11,34.81,34.81,1.774548233480138,True,0.5996676540712467,,VIX (Market Volatility),,,,,
2002-09-12,37.5,37.5,2.0942524627535315,True,8.373672422512827,,VIX (Market Volatility),,,,,
2002-09-13,35.82,35.82,1.89458588090249,True,3.5185318979842535,,VIX (Market Volatility),,,,,
2002-09-16,36.74,36.74,2.0039271042971083,True,6.177299328083239,,VIX (Market Volatility),,,,,
2002-09-17,38.01,38.01,2.154865532244026,True,9.847554367458995,,VIX (Market Volatility),,,,,
2002-09-18,37.52,37.52,2.096629445870806,True,8.43147171447151,,VIX (Market Volatility),,,,,
2002-09-19,40.65,40.65,2.4686273037242343,True,17.4770609060039,,VIX (Market Volatility),,,,,
2002-09-20,38.98,38.98,2.27014921343183,True,12.650820027454657,,VIX (Market Volatility),,,,,
2002-09-23,39.68,39.68,2.353343622536431,True,14.67379524600824,,VIX (Market Volatility),,,,,
2002-09-24,40.52,40.52,2.453176913461952,True,17.101365508272536,,VIX (Market Volatility),,,,,
2002-09-25,37.33,37.33,2.0740481062566998,True,7.882378440864097,,VIX (Market Volatility),,,,,
2002-09-27,36.97,36.97,2.0312624101457626,True,6.841991185607976,,VIX (Market Volatility),,,,,
2002-09-30,39.69,39.69,2.354532114095068,True,14.70269489198757,,VIX (Market Volatility),,,,,
2002-10-02,36.83,36.83,2.0146235283248424,True,6.43739614189726,,VIX (Market Volatility),,,,,
2002-10-03,37.31,37.31,2.071671123139426,True,7.824579148905435,,VIX (Market Volatility),,,,,
2002-10-04,39.46,39.46,2.3271968082464136,True,14.038003034462834,,VIX (Market Volatility),,,,,
2002-10-07,42.64,42.64,2.705137123893028,True,23.22809045589192,,VIX (Market Volatility),,,,,
2002-10-08,41.02,41.02,2.5126014913938097,True,18.546347807239375,,VIX (Market Volatility),,,,,
2002-10-09,42.13,42.13,2.6445240544025337,True,21.75420851094575,,VIX (Market Volatility),,,,,
2002-10-10,37.55,37.55,2.100194920546717,True,8.518170652409502,,VIX (Market Volatility),,,,,
2002-10-11,35.7,35.7,1.8803239821988444,True,3.1717361462322193,,VIX (Market Volatility),,,,,
2002-10-14,36.04,36.04,1.9207326951925072,True,4.154324109529658,,VIX (Market Volatility),,,,,
2002-10-16,36.0,36.0,1.9159787289579588,True,4.038725525612314,,VIX (Market Volatility),,,,,
2003-01-27,34.69,34.69,1.7602863347764914,True,0.2528719023191925,,VIX (Market Volatility),,,,,
2008-09-17,36.22,36.22,1.942125543247976,True,4.67451773715772,,VIX (Market Volatility),,,,,
2008-09-23,35.72,35.72,1.8827009653161184,True,3.2295354381908816,,VIX (Market Volatility),,,,,
2008-09-24,35.19,35.19,1.819710912708349,True,1.6978542012860303,,VIX (Market Volatility),,,,,
2008-09-26,34.74,34.74,1.7662287925696778,True,0.39737013221588857,,VIX (Market Volatility),,,,,
2008-09-29,46.72,46.72,3.190041679816986,True,35.01914601546131,,VIX (Market Volatility),,,,,
2008-09-30,39.39,39.39,2.3188773673359537,True,13.835705512607474,,VIX (Market Volatility),,,,,
2008-10-01,39.81,39.81,2.368794012798714,True,15.049490643739624,,VIX (Market Volatility),,,,,
2008-10-02,45.26,45.26,3.016521912255962,True,30.799797702478145,,VIX (Market Volatility),,,,,
2008-10-03,45.14,45.14,3.0022600135523163,True,30.45300195072611,,VIX (Market Volatility),,,,,
2008-10-06,52.05,52.05,3.823507680570588,True,50.4226573224478,,VIX (Market Volatility),,,,,
2008-10-07,53.68,53.68,4.0172318046284445,True,55.133299617079686,,VIX (Market Volatility),,,,,
2008-10-08,57.53,57.53,4.4748010547037484,True,66.25966331912436,,VIX (Market Volatility),,,,,
2008-10-09,63.92,63.92,5.234247160672888,True,84.72653709992053,,VIX (Market Volatility),,,,,
2008-10-10,69.95,69.95,5.950907570531092,True,102.15302362546059,,VIX (Market Volatility),,,,,
2008-10-13,54.99,54.99,4.172924198809912,True,58.919153240372815,,VIX (Market Volatility),,,,,
2008-10-14,55.13,55.13,4.1895630806308315,True,59.323748284083536,,VIX (Market Volatility),,,,,
2008-10-15,69.25,69.25,5.867713161426491,True,100.13004840690702,,VIX (Market Volatility),,,,,
2008-10-16,67.61,67.61,5.672800545809998,True,95.39050646629579,,VIX (Market Volatility),,,,,
2008-10-17,70.33,70.33,5.996070249759303,True,103.25121017267537,,VIX (Market Volatility),,,,,
2008-10-20,52.97,52.97,3.932848903965206,True,53.08142475254678,,VIX (Market Volatility),,,,,
2008-10-21,53.11,53.11,3.9494877857861264,True,53.4860197962575,,VIX (Market Volatility),,,,,
2008-10-22,69.65,69.65,5.9152528237719775,True,101.28603424608052,,VIX (Market Volatility),,,,,
2008-10-23,67.8,67.8,5.695381885424103,True,95.93959973990319,,VIX (Market Volatility),,,,,
2008-10-24,79.13,79.13,7.041942821359997,True,128.68289863449172,,VIX (Market Volatility),,,,,
2008-10-27,80.06,80.06,7.152472536313253,True,131.37056571057008,,VIX (Market Volatility),,,,,
2008-10-28,66.96,66.96,5.595548594498582,True,93.51202947763888,,VIX (Market Volatility),,,,,
2008-10-29,69.96,69.96,5.952096062089728,True,102.18192327143991,,VIX (Market Volatility),,,,,
2008-10-30,62.9,62.9,5.113021021691899,True,81.77877321002818,,VIX (Market Volatility),,,,,
2008-10-31,59.89,59.89,4.755285062542116,True,73.07997977024782,,VIX (Market Volatility),,,,,
2008-11-03,53.68,53.68,4.0172318046284445,True,55.133299617079686,,VIX (Market Volatility),,,,,
2008-11-04,47.73,47.73,3.3100793272393383,True,37.938010259374316,,VIX (Market Volatility),,,,,
2008-11-05,54.56,54.56,4.121819061788514,True,57.67646846326133,,VIX (Market Volatility),,,,,
2008-11-06,63.68,63.68,5.205723363265597,True,84.03294559641645,,VIX (Market Volatility),,,,,
2008-11-07,56.1,56.1,4.304846761818635,True,62.12701394407919,,VIX (Market Volatility),,,,,
2008-11-10,59.98,59.98,4.76598148656985,True,73.34007658406185,,VIX (Market Volatility),,,,,
2008-11-11,61.44,61.44,4.9395012541308745,True,77.559424897045,,VIX (Market Volatility),,,,,
2008-11-12,66.46,66.46,5.536124016566724,True,92.06704717867204,,VIX (Market Volatility),,,,,
2008-11-13,59.83,59.83,4.748154113190293,True,72.9065818943718,,VIX (Market Volatility),,,,,
2008-11-14,66.31,66.31,5.518296643187168,True,91.63355248898202,,VIX (Market Volatility),,,,,
2008-11-17,69.15,69.15,5.85582824584012,True,99.84105194711367,,VIX (Market Volatility),,,,,
2008-11-18,67.64,67.64,5.676366020485909,True,95.4772054042338,,VIX (Market Volatility),,,,,
2008-11-19,74.26,74.26,6.463147432303704,True,114.60877104255476,,VIX (Market Volatility),,,,,
2008-11-20,80.86,80.86,7.247551861004225,True,133.682537388917,,VIX (Market Volatility),,,,,
2008-11-21,72.67,72.67,6.2741772744803965,True,110.0137273318402,,VIX (Market Volatility),,,,,
2008-11-24,64.7,64.7,5.3269495022465865,True,86.98070948630881,,VIX (Market Volatility),,,,,
2008-11-25,60.9,60.9,4.875322709964468,True,75.99884401416082,,VIX (Market Volatility),,,,,
2008-11-26,54.92,54.92,4.164604757899451,True,58.71685571851746,,VIX (Market Volatility),,,,,
2008-11-28,55.84,55.84,4.273945981294069,True,61.37562314861644,,VIX (Market Volatility),,,,,
2008-12-01,68.51,68.51,5.779764786087342,True,97.9914746044361,,VIX (Market Volatility),,,,,
2008-12-02,62.98,62.98,5.1225289541609955,True,82.00997037786286,,VIX (Market Volatility),,,,,
2008-12-03,60.72,60.72,4.853929861908999,True,75.47865038653276,,VIX (Market Volatility),,,,,
2008-12-04,63.64,63.64,5.200969397031048,True,83.91734701249909,,VIX (Market Volatility),,,,,
2008-12-05,59.93,59.93,4.7600390287766645,True,73.19557835416516,,VIX (Market Volatility),,,,,
2008-12-08,58.49,58.49,4.588896244332915,True,69.03402933314068,,VIX (Market Volatility),,,,,
2008-12-09,58.91,58.91,4.638812889795674,True,70.2478144642728,,VIX (Market Volatility),,,,,
2008-12-10,55.73,55.73,4.26087257414906,True,61.05772704284372,,VIX (Market Volatility),,,,,
2008-12-11,55.78,55.78,4.266815031942246,True,61.20222527274042,,VIX (Market Volatility),,,,,
2008-12-12,54.28,54.28,4.088541298146674,True,56.8672783758399,,VIX (Market Volatility),,,,,
2008-12-15,56.76,56.76,4.383287204688687,True,64.0343905787154,,VIX (Market Volatility),,,,,
2008-12-16,52.37,52.37,3.861539410446977,True,51.34744599378658,,VIX (Market Volatility),,,,,
2008-12-17,49.84,49.84,3.560851046111778,True,44.035835561014395,,VIX (Market Volatility),,,,,
2008-12-18,47.34,47.34,3.26372815645249,True,36.8109240661802,,VIX (Market Volatility),,,,,
2008-12-19,44.93,44.93,2.9773016908209358,True,29.846109385160034,,VIX (Market Volatility),,,,,
2008-12-22,44.56,44.56,2.9333275031513617,True,28.77682248392458,,VIX (Market Volatility),,,,,
2008-12-23,45.02,45.02,2.9879981148486707,True,30.10620619897407,,VIX (Market Volatility),,,,,
2008-12-24,44.21,44.21,2.891730298599061,True,27.76533487464779,,VIX (Market Volatility),,,,,
2008-12-26,43.38,43.38,2.7930854992321774,True,25.366664258362846,,VIX (Market Volatility),,,,,
2008-12-29,43.9,43.9,2.854887060281309,True,26.869445849288343,,VIX (Market Volatility),,,,,
2008-12-30,41.63,41.63,2.585099476470676,True,20.309226211978913,,VIX (Market Volatility),,,,,
2008-12-31,40.0,40.0,2.39137535241282,True,15.598583917347014,,VIX (Market Volatility),,,,,
2009-01-02,39.19,39.19,2.29510753616321,True,13.257712593020731,,VIX (Market Volatility),,,,,
2009-01-05,39.08,39.08,2.2820341290182014,True,12.939816487248029,,VIX (Market Volatility),,,,,
2009-01-06,38.56,38.56,2.22023256796907,True,11.43703489632253,,VIX (Market Volatility),,,,,
2009-01-07,43.39,43.39,2.7942739907908143,True,25.39556390434218,,VIX (Market Volatility),,,,,
2009-01-08,42.56,42.56,2.695629191423931,True,22.99689328805723,,VIX (Market Volatility),,,,,
2009-01-09,42.82,42.82,2.7265299719484966,True,23.74828408351998,,VIX (Market Volatility),,,,,
2009-01-12,45.84,45.84,3.0854544226569174,True,32.47597716927969,,VIX (Market Volatility),,,,,
2009-01-13,43.27,43.27,2.780012092087169,True,25.048768152590146,,VIX (Market Volatility),,,,,
2009-01-14,49.14,49.14,3.4776566370071773,True,42.01286034246081,,VIX (Market Volatility),,,,,
2009-01-15,51.0,51.0,3.6987160669136876,True,47.388194494617444,,VIX (Market Volatility),,,,,
2009-01-16,46.11,46.11,3.1175436947401196,True,33.25626761072177,,VIX (Market Volatility),,,,,
2009-01-20,56.65,56.65,4.370213797543679,True,63.716494472942706,,VIX (Market Volatility),,,,,
2009-01-21,46.42,46.42,3.154386933057872,True,34.152156636081216,,VIX (Market Volatility),,,,,
2009-01-22,47.29,47.29,3.257785698659304,True,36.66642583628351,,VIX (Market Volatility),,,,,
2009-01-23,47.27,47.27,3.25540871554203,True,36.60862654432485,,VIX (Market Volatility),,,,,
2009-01-26,45.69,45.69,3.0676270492773594,True,32.04248247958962,,VIX (Market Volatility),,,,,
2009-01-27,42.25,42.25,2.658785953106179,True,22.101004262697785,,VIX (Market Volatility),,,,,
2009-01-28,39.66,39.66,2.350966639419156,True,14.615995954049557,,VIX (Market Volatility),,,,,
2009-01-29,42.63,42.63,2.703948632334391,True,23.19919080991259,,VIX (Market Volatility),,,,,
2009-01-30,44.84,44.84,2.966605266793202,True,29.586012571346014,,VIX (Market Volatility),,,,,
2009-02-02,45.52,45.52,3.047422692780528,True,31.551188497940913,,VIX (Market Volatility),,,,,
2009-02-03,43.06,43.06,2.7550537693557886,True,24.441875587024068,,VIX (Market Volatility),,,,,
2009-02-04,43.85,43.85,2.8489446024881238,True,26.72494761939167,,VIX (Market Volatility),,,,,
2009-02-05,43.73,43.73,2.8346827037844773,True,26.378151867639616,,VIX (Market Volatility),,,,,
2009-02-06,43.37,43.37,2.7918970076735397,True,25.337764612383495,,VIX (Market Volatility),,,,,
2009-02-09,43.64,43.64,2.823986279756743,True,26.118055053825596,,VIX (Market Volatility),,,,,
2009-02-10,46.67,46.67,3.1840992220238005,True,34.87464778556463,,VIX (Market Volatility),,,,,
2009-02-11,44.53,44.53,2.9297620284754498,True,28.690123545986566,,VIX (Market Volatility),,,,,
2009-02-12,41.25,41.25,2.539936797242464,True,19.211039664764108,,VIX (Market Volatility),,,,,
2009-02-13,42.93,42.93,2.7396033790935053,True,24.066180189292684,,VIX (Market Volatility),,,,,
2009-02-17,48.66,48.66,3.420609042192593,True,40.625677335452636,,VIX (Market Volatility),,,,,
2009-02-18,48.46,48.46,3.396839211019851,True,40.047684415865916,,VIX (Market Volatility),,,,,
2009-02-19,47.08,47.08,3.2328273759279234,True,36.05953327071743,,VIX (Market Volatility),,,,,
2009-02-20,49.3,49.3,3.4966725019453713,True,42.475254678130185,,VIX (Market Volatility),,,,,
2009-02-23,52.62,52.62,3.891251699412906,True,52.069937143269996,,VIX (Market Volatility),,,,,
2009-02-24,45.49,45.49,3.0438572181046166,True,31.4644895600029,,VIX (Market Volatility),,,,,
2009-02-25,44.67,44.67,2.94640091029637,True,29.094718589697283,,VIX (Market Volatility),,,,,
2009-02-26,44.66,44.66,2.945212418737732,True,29.06581894371793,,VIX (Market Volatility),,,,,
2009-02-27,46.35,46.35,3.1460674921474117,True,33.94985911422586,,VIX (Market Volatility),,,,,
2009-03-02,52.65,52.65,3.8948171740888173,True,52.156636081208006,,VIX (Market Volatility),,,,,
2009-03-03,50.93,50.93,3.6903966260032273,True,47.18589697276209,,VIX (Market Volatility),,,,,
2009-03-04,47.56,47.56,3.2898749707425075,True,37.446716277725606,,VIX (Market Volatility),,,,,
2009-03-05,50.17,50.17,3.600071267546804,True,44.9895238783325,,VIX (Market Volatility),,,,,
2009-03-06,49.33,49.33,3.5002379766212828,True,42.5619536160682,,VIX (Market Volatility),,,,,
2009-03-09,49.68,49.68,3.541835181173583,True,43.57344122534499,,VIX (Market Volatility),,,,,
2009-03-10,44.37,44.37,2.910746163537255,True,28.22772921031717,,VIX (Market Volatility),,,,,
2009-03-11,43.61,43.61,2.8204208050808317,True,26.031356115887583,,VIX (Market Volatility),,,,,
2009-03-12,41.18,41.18,2.5316173563320037,True,19.00874214290875,,VIX (Market Volatility),,,,,
2009-03-13,42.36,42.36,2.6718593602511875,True,22.41890036847049,,VIX (Market Volatility),,,,,
2009-03-16,43.74,43.74,2.835871195343115,True,26.407051513618967,,VIX (Market Volatility),,,,,
2009-03-17,40.8,40.8,2.4864546771037914,True,17.910555595693946,,VIX (Market Volatility),,,,,
2009-03-18,40.06,40.06,2.398506301764643,True,15.771981793223041,,VIX (Market Volatility),,,,,
2009-03-19,43.68,43.68,2.8287402459912916,True,26.233653637742936,,VIX (Market Volatility),,,,,
2009-03-20,45.89,45.89,3.0913968804501026,True,32.620475399176364,,VIX (Market Volatility),,,,,
2009-03-23,43.23,43.23,2.7752581258526194,True,24.933169568672778,,VIX (Market Volatility),,,,,
2009-03-24,42.93,42.93,2.7396033790935053,True,24.066180189292684,,VIX (Market Volatility),,,,,
2009-03-25,42.25,42.25,2.658785953106179,True,22.101004262697785,,VIX (Market Volatility),,,,,
2009-03-26,40.36,40.36,2.434161048523757,True,16.63897117260314,,VIX (Market Volatility),,,,,
2009-03-27,41.04,41.04,2.5149784745110835,True,18.604147099198034,,VIX (Market Volatility),,,,,
2009-03-30,45.54,45.54,3.049799675897802,True,31.608987789899572,,VIX (Market Volatility),,,,,
2009-03-31,44.14,44.14,2.883410857688601,True,27.563037352792435,,VIX (Market Volatility),,,,,
2009-04-01,42.28,42.28,2.6623514277820908,True,22.1877032006358,,VIX (Market Volatility),,,,,
2009-04-02,42.04,42.04,2.6338276303747987,True,21.49411169713171,,VIX (Market Volatility),,,,,
2009-04-03,39.7,39.7,2.3557206056537057,True,14.731594537966922,,VIX (Market Volatility),,,,,
2009-04-06,40.93,40.93,2.5019050673660748,True,18.28625099342533,,VIX (Market Volatility),,,,,
2009-04-07,40.39,40.39,2.4377265231996685,True,16.72567011054115,,VIX (Market Volatility),,,,,
2009-04-08,38.85,38.85,2.2546988231695475,True,12.275124629723292,,VIX (Market Volatility),,,,,
2009-04-09,36.53,36.53,1.978968781565728,True,5.570406762517165,,VIX (Market Volatility),,,,,
2009-04-13,37.81,37.81,2.1310957010712834,True,9.269561447872272,,VIX (Market Volatility),,,,,
2009-04-14,37.67,37.67,2.114456819250363,True,8.864966404161557,,VIX (Market Volatility),,,,,
2009-04-15,36.17,36.17,1.9361830854547906,True,4.530019507261043,,VIX (Market Volatility),,,,,
2009-04-16,35.79,35.79,1.8910204062265785,True,3.43183296004624,,VIX (Market Volatility),,,,,
2009-04-20,39.18,39.18,2.293919044604573,True,13.228812947041401,,VIX (Market Volatility),,,,,
2009-04-21,37.14,37.14,2.0514667666425943,True,7.3332851672567045,,VIX (Market Volatility),,,,,
2009-04-22,38.1,38.1,2.1655619562717607,True,10.107651181273036,,VIX (Market Volatility),,,,,
2009-04-23,37.15,37.15,2.052655258201231,True,7.362184813236036,,VIX (Market Volatility),,,,,
2009-04-24,36.82,36.82,2.0134350367662055,True,6.4084964959179285,,VIX (Market Volatility),,,,,
2009-04-27,38.32,38.32,2.191708770561778,True,10.743443392818442,,VIX (Market Volatility),,,,,
2009-04-28,37.95,37.95,2.1477345828922036,True,9.67415649158299,,VIX (Market Volatility),,,,,
2009-04-29,36.08,36.08,1.9254866614270558,True,4.269922693447003,,VIX (Market Volatility),,,,,
2009-04-30,36.5,36.5,1.9754033068898165,True,5.4837078245791515,,VIX (Market Volatility),,,,,
2009-05-01,35.3,35.3,1.8327843198533578,True,2.015750307058733,,VIX (Market Volatility),,,,,
2010-05-07,40.95,40.95,2.5042820504833494,True,18.344050285384014,,VIX (Market Volatility),,,,,
2010-05-19,35.32,35.32,1.8351613029706324,True,2.0735495990174155,,VIX (Market Volatility),,,,,
2010-05-20,45.79,45.79,3.079511964863731,True,32.331478939383,,VIX (Market Volatility),,,,,
2010-05-21,40.1,40.1,2.4032602679991912,True,15.887580377140386,,VIX (Market Volatility),,,,,
2010-05-24,38.32,38.32,2.191708770561778,True,10.743443392818442,,VIX (Market Volatility),,,,,
2010-05-25,34.61,34.61,1.7507784023073945,True,0.021674734484503386,,VIX (Market Volatility),,,,,
2010-05-26,35.02,35.02,1.7995065562115182,True,1.2065602196373209,,VIX (Market Volatility),,,,,
2010-06-01,35.54,35.54,1.8613081172606496,True,2.7093418105628206,,VIX (Market Volatility),,,,,
2010-06-04,35.48,35.48,1.8541771679088266,True,2.5359439346867934,,VIX (Market Volatility),,,,,
2010-06-07,36.57,36.57,1.9837227478002766,True,5.68600534643451,,VIX (Market Volatility),,,,,
2011-08-08,48.0,48.0,3.342168599322542,True,38.718300700816414,,VIX (Market Volatility),,,,,
2011-08-09,35.06,35.06,1.8042605224460668,True,1.3221588035546654,,VIX (Market Volatility),,,,,
2011-08-10,42.99,42.99,2.7467343284453287,True,24.23957806516871,,VIX (Market Volatility),,,,,
2011-08-11,39.0,39.0,2.2725261965491046,True,12.708619319413339,,VIX (Market Volatility),,,,,
2011-08-12,36.36,36.36,1.9587644250688963,True,5.079112780868435,,VIX (Market Volatility),,,,,
2011-08-18,42.67,42.67,2.7087025985689395,True,23.314789393829933,,VIX (Market Volatility),,,,,
2011-08-19,43.05,43.05,2.753865277797151,True,24.412975941044717,,VIX (Market Volatility),,,,,
2011-08-22,42.44,42.44,2.6813672927202847,True,22.65009753630518,,VIX (Market Volatility),,,,,
2011-08-23,36.27,36.27,1.9480680010411622,True,4.8190159670544155,,VIX (Market Volatility),,,,,
2011-08-24,35.9,35.9,1.904093813371587,True,3.749729065818942,,VIX (Market Volatility),,,,,
2011-08-25,39.76,39.76,2.362851555005528,True,14.904992413842926,,VIX (Market Volatility),,,,,
2011-08-26,35.59,35.59,1.867250575053836,True,2.853840040459517,,VIX (Market Volatility),,,,,
2011-09-06,37.0,37.0,2.034827884821674,True,6.928690123545989,,VIX (Market Volatility),,,,,
2011-09-09,38.52,38.52,2.2154786017345214,True,11.321436312405185,,VIX (Market Volatility),,,,,
2011-09-12,38.59,38.59,2.2237980426449817,True,11.523733834260543,,VIX (Market Volatility),,,,,
2011-09-13,36.91,36.91,2.024131460793939,True,6.668593309731949,,VIX (Market Volatility),,,,,
2011-09-21,37.32,37.32,2.072859614698063,True,7.853478794884766,,VIX (Market Volatility),,,,,
2011-09-22,41.35,41.35,2.5518217128288354,True,19.500036124557482,,VIX (Market Volatility),,,,,
2011-09-23,41.25,41.25,2.539936797242464,True,19.211039664764108,,VIX (Market Volatility),,,,,
2011-09-26,39.02,39.02,2.2749031796663792,True,12.766418611372021,,VIX (Market Volatility),,,,,
2011-09-27,37.71,37.71,2.119210785484912,True,8.980564988078902,,VIX (Market Volatility),,,,,
2011-09-28,41.08,41.08,2.519732440745632,True,18.71974568311538,,VIX (Market Volatility),,,,,
2011-09-29,38.84,38.84,2.2535103316109106,True,12.24622498374396,,VIX (Market Volatility),,,,,
2011-09-30,42.96,42.96,2.7431688537694168,True,24.152879127230698,,VIX (Market Volatility),,,,,
2011-10-03,45.45,45.45,3.0391032518700682,True,31.348890976085553,,VIX (Market Volatility),,,,,
2011-10-04,40.82,40.82,2.4888316602210665,True,17.96835488765263,,VIX (Market Volatility),,,,,
2011-10-05,37.81,37.81,2.1310957010712834,True,9.269561447872272,,VIX (Market Volatility),,,,,
2011-10-06,36.27,36.27,1.9480680010411622,True,4.8190159670544155,,VIX (Market Volatility),,,,,
2011-10-07,36.2,36.2,1.939748560130702,True,4.616718445199057,,VIX (Market Volatility),,,,,
2011-10-20,34.78,34.78,1.7709827588042264,True,0.5129687161332331,,VIX (Market Volatility),,,,,
2011-11-01,34.77,34.77,1.7697942672455893,True,0.4840690701539021,,VIX (Market Volatility),,,,,
2011-11-09,36.16,36.16,1.9349945938961528,True,4.501119861281691,,VIX (Market Volatility),,,,,
2015-08-24,40.74,40.74,2.4793237277519693,True,17.737157719817944,,VIX (Market Volatility),,,,,
2015-08-25,36.02,36.02,1.9183557120752335,True,4.096524817570996,,VIX (Market Volatility),,,,,
2018-02-05,37.32,37.32,2.072859614698063,True,7.853478794884766,,VIX (Market Volatility),,,,,
2018-12-24,36.07,36.07,1.924298169868419,True,4.241023047467672,,VIX (Market Volatility),,,,,
2020-02-27,39.16,39.16,2.2915420614872986,True,13.171013655082719,,VIX (Market Volatility),,,,,
2020-02-28,40.11,40.11,2.4044487595578286,True,15.916480023119718,,VIX (Market Volatility),,,,,
2020-03-03,36.82,36.82,2.0134350367662055,True,6.4084964959179285,,VIX (Market Volatility),,,,,
2020-03-05,39.62,39.62,2.3462126731846076,True,14.500397370132212,,VIX (Market Volatility),,,,,
2020-03-06,41.94,41.94,2.621942714788427,True,21.20511523733834,,VIX (Market Volatility),,,,,
2020-03-09,54.46,54.46,4.109934146202142,True,57.38747200346796,,VIX (Market Volatility),,,,,
2020-03-10,47.3,47.3,3.2589741902179408,True,36.69532548226284,,VIX (Market Volatility),,,,,
2020-03-11,53.9,53.9,4.043378618918461,True,55.76909182862509,,VIX (Market Volatility),,,,,
2020-03-12,75.47,75.47,6.606954910898799,True,118.10562820605448,,VIX (Market Volatility),,,,,
2020-03-13,57.83,57.83,4.510455801462863,True,67.12665269850444,,VIX (Market Volatility),,,,,
2020-03-16,82.69,82.69,7.465045816234823,True,138.9711726031356,,VIX (Market Volatility),,,,,
2020-03-17,75.91,75.91,6.659248539478834,True,119.37721262914529,,VIX (Market Volatility),,,,,
2020-03-18,76.45,76.45,6.723427083645241,True,120.93779351202949,,VIX (Market Volatility),,,,,
2020-03-19,72.0,72.0,6.194548340051708,True,108.07745105122464,,VIX (Market Volatility),,,,,
2020-03-20,66.04,66.04,5.486207371103966,True,90.85326204753994,,VIX (Market Volatility),,,,,
2020-03-23,61.59,61.59,4.9573286275104325,True,77.99291958673507,,VIX (Market Volatility),,,,,
2020-03-24,61.67,61.67,4.966836559979529,True,78.22411675456976,,VIX (Market Volatility),,,,,
2020-03-25,63.95,63.95,5.2378126353488,True,84.81323603785856,,VIX (Market Volatility),,,,,
2020-03-26,61.0,61.0,4.88720762555084,True,76.28784047395419,,VIX (Market Volatility),,,,,
2020-03-27,65.54,65.54,5.426782793172108,True,89.40827974857311,,VIX (Market Volatility),,,,,
2020-03-30,57.08,57.08,4.421318934565076,True,64.95917925005419,,VIX (Market Volatility),,,,,
2020-03-31,53.54,53.54,4.000592922807524,True,54.72870457336898,,VIX (Market Volatility),,,,,
2020-04-01,57.06,57.06,4.418941951447802,True,64.90137995809553,,VIX (Market Volatility),,,,,
2020-04-02,50.91,50.91,3.6880196428859526,True,47.12809768080341,,VIX (Market Volatility),,,,,
2020-04-03,46.8,46.8,3.199549612286083,True,35.250343183296,,VIX (Market Volatility),,,,,
2020-04-06,45.24,45.24,3.0141449291386877,True,30.74199841051948,,VIX (Market Volatility),,,,,
2020-04-07,46.7,46.7,3.1876646966997124,True,34.96134672350265,,VIX (Market Volatility),,,,,
2020-04-08,43.35,43.35,2.789520024556266,True,25.27996532042483,,VIX (Market Volatility),,,,,
2020-04-09,41.67,41.67,2.589853442705224,True,20.424824795896257,,VIX (Market Volatility),,,,,
2020-04-13,41.17,41.17,2.530428864773367,True,18.979842496929418,,VIX (Market Volatility),,,,,
2020-04-14,37.76,37.76,2.1251532432780973,True,9.125063217975576,,VIX (Market Volatility),,,,,
2020-04-15,40.84,40.84,2.491208643338341,True,18.02615417961131,,VIX (Market Volatility),,,,,
2020-04-16,40.11,40.11,2.4044487595578286,True,15.916480023119718,,VIX (Market Volatility),,,,,
2020-04-17,38.15,38.15,2.1715044140649464,True,10.252149411169711,,VIX (Market Volatility),,,,,
2020-04-20,43.83,43.83,2.846567619370849,True,26.667148327432987,,VIX (Market Volatility),,,,,
2020-04-21,45.41,45.41,3.034349285635519,True,31.233292392168188,,VIX (Market Volatility),,,,,
2020-04-22,41.98,41.98,2.6266966810229757,True,21.320713821255683,,VIX (Market Volatility),,,,,
2020-04-23,41.38,41.38,2.555387187504747,True,19.586735062495496,,VIX (Market Volatility),,,,,
2020-04-24,35.93,35.93,1.9076592880474987,True,3.836428003756956,,VIX (Market Volatility),,,,,
2020-05-01,37.19,37.19,2.0574092244357796,True,7.477783397153381,,VIX (Market Volatility),,,,,
2020-05-04,35.97,35.97,1.9124132542820471,True,3.9520265876743004,,VIX (Market Volatility),,,,,
2020-05-13,35.28,35.28,1.830407336736084,True,1.957951015100071,,VIX (Market Volatility),,,,,
2020-06-11,40.79,40.79,2.4852661855451545,True,17.881655949714617,,VIX (Market Volatility),,,,,
2020-06-12,36.09,36.09,1.9266751529856936,True,4.298822339426354,,VIX (Market Volatility),,,,,
2020-06-19,35.12,35.12,1.811391471797889,True,1.495556679430672,,VIX (Market Volatility),,,,,
2020-06-26,34.73,34.73,1.76504030101104,True,0.36847048623653705,,VIX (Market Volatility),,,,,
2020-10-28,40.28,40.28,2.4246531160546603,True,16.407774004768445,,VIX (Market Volatility),,,,,
2020-10-29,37.59,37.59,2.1049488867812665,True,8.633769236326867,,VIX (Market Volatility),,,,,
2020-10-30,38.02,38.02,2.156054023802664,True,9.876454013438348,,VIX (Market Volatility),,,,,
2020-11-02,37.13,37.13,2.0502782750839574,True,7.304385521277375,,VIX (Market Volatility),,,,,
2020-11-03,35.55,35.55,1.8624966088192865,True,2.7382414565421516,,VIX (Market Volatility),,,,,
2021-01-27,37.21,37.21,2.059786207553054,True,7.535582689112063,,VIX (Market Volatility),,,,,
2022-03-07,36.45,36.45,1.969460849096631,True,5.339209594682476,,VIX (Market Volatility),,,,,
2022-03-08,35.13,35.13,1.8125799633565267,True,1.5244563254100236,,VIX (Market Volatility),,,,,
2022-05-09,34.75,34.75,1.7674172841283147,True,0.4262697781952196,,VIX (Market Volatility),,,,,
2024-08-05,38.57,38.57,2.221421059527707,True,11.465934542301861,,VIX (Market Volatility),,,,,
2025-04-04,45.31,45.31,3.022464370049148,True,30.94429593237484,,VIX (Market Volatility),,,,,
2025-04-07,46.98,46.98,3.220942460341552,True,35.77053681092406,,VIX (Market Volatility),,,,,
2025-04-08,52.33,52.33,3.8567854442124285,True,51.231847409869225,,VIX (Market Volatility),,,,,
2025-04-10,40.72,40.72,2.4769467446346947,True,17.67935842785926,,VIX (Market Volatility),,,,,
2025-04-11,37.56,37.56,2.101383412105355,True,8.547070298388853,,VIX (Market Volatility),,,,,
2002-10-01,80.6,80.6,0.13962362074895768,True,28.60000000000001,,Consumer Confidence,-28.60000000000001,,,,
2002-11-01,84.2,84.2,0.12708955876105305,True,26.5,,Consumer Confidence,-26.5,,,,
2003-01-01,82.4,82.4,0.006267030993951795,True,25.89999999999999,,Consumer Confidence,-25.89999999999999,,,,
2003-02-01,79.9,79.9,0.19148451676479214,True,27.39999999999999,,Consumer Confidence,-27.39999999999999,,,,
2003-03-01,77.6,77.6,0.36188460367396613,True,29.200000000000003,,Consumer Confidence,-29.200000000000003,,,,
2008-06-01,56.4,56.4,1.932528883010692,True,35.1,,Consumer Confidence,-35.1,,,,
2008-07-01,61.2,61.2,1.5769113103306782,True,30.0,,Consumer Confidence,-30.0,,,,
2008-10-01,57.6,57.6,1.8436244898406884,True,29.800000000000004,,Consumer Confidence,-29.800000000000004,,,,
2009-02-01,56.3,56.3,1.9399375824415257,True,25.700000000000003,,Consumer Confidence,-25.700000000000003,,,,
2009-03-01,57.3,57.3,1.8658505881331895,True,28.10000000000001,,Consumer Confidence,-28.10000000000001,,,,
2009-04-01,65.1,65.1,1.2879720325281678,True,28.5,,Consumer Confidence,-28.5,,,,
2009-07-01,66.0,66.0,1.221293737650665,True,30.900000000000006,,Consumer Confidence,-30.900000000000006,,,,
2009-08-01,65.7,65.7,1.2435198359431656,True,25.599999999999994,,Consumer Confidence,-25.599999999999994,,,,
2020-04-01,71.8,71.8,0.7915891706623155,True,28.900000000000006,,Consumer Confidence,-28.900000000000006,,,,
2020-05-01,72.3,72.3,0.7545456735081475,True,26.200000000000003,,Consumer Confidence,-26.200000000000003,,,,
2020-08-01,74.1,74.1,0.6211890837531426,True,25.60000000000001,,Consumer Confidence,-25.60000000000001,,,,
2021-09-01,72.8,72.8,0.7175021763539794,True,25.60000000000001,,Consumer Confidence,-25.60000000000001,,,,
2021-11-01,67.4,67.4,1.1175719456189939,True,32.599999999999994,,Consumer Confidence,-32.599999999999994,,,,
2021-12-01,70.6,70.6,0.8804935638323191,True,27.60000000000001,,Consumer Confidence,-27.60000000000001,,,,
2022-01-01,67.2,67.2,1.1323893444806614,True,31.200000000000003,,Consumer Confidence,-31.200000000000003,,,,
2022-02-01,62.8,62.8,1.4583721194373407,True,27.0,,Consumer Confidence,-27.0,,,,
2022-03-01,59.4,59.4,1.7102679000856835,True,33.800000000000004,,Consumer Confidence,-33.800000000000004,,,,
2022-04-01,65.2,65.2,1.2805633330973336,True,30.299999999999997,,Consumer Confidence,-30.299999999999997,,,,
2022-05-01,58.4,58.4,1.7843548943940197,True,38.4,,Consumer Confidence,-38.4,,,,
2022-06-01,50.0,50.0,2.406685646584043,True,49.3,,Consumer Confidence,-49.3,,,,
2022-07-01,51.5,51.5,2.295555155121539,True,48.3,,Consumer Confidence,-48.3,,,,
2022-08-01,58.2,58.2,1.7991722932556866,True,42.8,,Consumer Confidence,-42.8,,,,
2022-09-01,58.6,58.6,1.7695374955323522,True,30.499999999999993,,Consumer Confidence,-30.499999999999993,,,,
2009-07-01,214.726,-1.9587610037622771,2.5404088473514252,True,0.0,,CPI Inflation,,,,,
2021-11-01,278.824,6.865559520296194,2.434465872232788,True,9.561672819023476,,CPI Inflation,,,,,
2021-12-01,280.806,7.159457345112474,2.600156233868344,True,14.25174028250602,,CPI Inflation,,,,,
2022-01-01,282.542,7.578082463000535,2.8361639253711957,True,20.932225400184837,,CPI Inflation,,,,,
2022-02-01,284.525,7.949220898953979,3.0454001172634677,True,26.854910619107986,,CPI Inflation,,,,,
2022-03-01,287.467,8.540780148538584,3.378902639964349,True,36.29510566285576,,CPI Inflation,,,,,
2022-04-01,288.582,8.235161744022502,3.206604583663981,True,31.417999355048476,,CPI Inflation,,,,,
2022-05-01,291.299,8.530051713089225,3.37285428506244,True,36.12389961168283,,CPI Inflation,,,,,
2022-06-01,295.072,8.999298141923106,3.6374006815465956,True,43.61220752823481,,CPI Inflation,,,,,
2022-07-01,294.94,8.447778206754553,3.326471066587997,True,34.81096612737384,,CPI Inflation,,,,,
2022-08-01,295.162,8.216255059541266,3.195945588855212,True,31.11628352648389,,CPI Inflation,,,,,
2022-09-01,296.421,8.205751582451759,3.190024058410136,True,30.948667396008183,,CPI Inflation,,,,,
2022-10-01,297.979,7.757261470809462,2.937179421555694,True,23.79159203615452,,CPI Inflation,,,,,
2022-11-01,298.708,7.131380368978291,2.584327316685259,True,13.803683505215384,,CPI Inflation,,,,,
2022-12-01,298.808,6.410831677385809,2.1781045984306555,True,2.305054767812036,,CPI Inflation,,,,,
2023-01-01,300.456,6.340296309929161,2.1383389739341334,True,1.1794403399406947,,CPI Inflation,,,,,
2021-12-01,285.221,5.504159561442767,2.6905509473211118,True,0.0,,Core CPI,,,,,
2022-01-01,286.799,6.058443287379434,3.171020053193672,True,10.003210151273032,,Core CPI,,,,,
2022-02-01,288.256,6.455520430171058,3.5152179627338156,True,17.21294346276,,Core CPI,,,,,
2022-03-01,289.044,6.480311508806325,3.536707584074177,True,17.663075304164355,,Core CPI,,,,,
2022-04-01,290.474,6.157309612390649,3.256720232643776,True,11.798326918272927,,Core CPI,,,,,
2022-05-01,292.039,6.019814344888674,3.1375353727117155,True,9.301824089347797,,Core CPI,,,,,
2022-06-01,294.009,5.907970951845765,3.0405862967447614,True,7.271082579468563,,Core CPI,,,,,
2022-07-01,295.08,5.900466194610221,3.034080956916032,True,7.134818633739218,,Core CPI,,,,,
2022-08-01,296.582,6.29379150673246,3.375026671519263,True,14.276429921465375,,Core CPI,,,,,
2022-09-01,298.281,6.632895644682146,3.6689719099132687,True,20.43354685408599,,Core CPI,,,,,
2022-10-01,299.381,6.295779498595766,3.376749920152317,True,14.312525907900342,,Core CPI,,,,,
2022-11-01,300.316,5.9648355215570215,3.089878144378977,True,8.303573091534545,,Core CPI,,,,,
2022-12-01,301.433,5.684013449220071,2.8464534799131274,True,3.2046841570208873,,Core CPI,,,,,
2023-01-01,302.685,5.539070917262623,2.720813116550813,True,0.5729612792997046,,Core CPI,,,,,
2023-02-01,304.097,5.495462366785087,2.683011968373617,True,0.0,,Core CPI,,,,,
2023-03-01,305.123,5.562820885401543,2.741400273312317,True,1.0041896679047397,,Core CPI,,,,,
2023-04-01,306.49,5.513746497104743,2.6988611794098913,True,0.11314555099380652,,Core CPI,,,,,
2023-05-01,307.623,5.336273579898587,2.5450225407189553,True,0.0,,Core CPI,,,,,
2009-04-01,14381.236,-3.2589448691319634,2.556794726849383,True,0.0,,GDP Growth,,,,,
2020-04-01,19935.444,-6.834742674738092,3.734839663089684,True,0.0,,GDP Growth,,,,,
2021-04-01,23368.861,17.22267635473782,4.190865929730084,True,0.0,,GDP Growth,,,,,
2021-10-01,24777.038,12.271963358895398,2.559855818815098,True,0.0,,GDP Growth,,,,,
2008-09-15,3.8,3.8,2.678672193000419,True,0.0,,Corporate Bond Spreads,,,,,
2008-09-16,4.11,4.11,3.0478362099775502,True,0.0,,Corporate Bond Spreads,,,,,
2008-09-17,4.28,4.28,3.250280993481138,True,0.0,,Corporate Bond Spreads,,,,,
2008-09-18,4.4,4.4,3.3931831936013177,True,0.0,,Corporate Bond Spreads,,,,,
2008-09-19,4.15,4.15,3.095470276684277,True,0.0,,Corporate Bond Spreads,,,,,
2008-09-22,4.09,4.09,3.0240191766241864,True,0.0,,Corporate Bond Spreads,,,,,
2008-09-23,4.17,4.17,3.11928731003764,True,0.0,,Corporate Bond Spreads,,,,,
2008-09-24,4.26,4.26,3.226463960127774,True,0.0,,Corporate Bond Spreads,,,,,
2008-09-25,4.36,4.36,3.3455491268945914,True,0.0,,Corporate Bond Spreads,,,,,
2008-09-26,4.59,4.59,3.6194450104582683,True,0.0,,Corporate Bond Spreads,,,,,
2008-09-29,4.65,4.65,3.6908961105183584,True,0.0,,Corporate Bond Spreads,,,,,
2008-09-30,4.55,4.55,3.5718109437515415,True,0.0,,Corporate Bond Spreads,,,,,
2008-10-01,4.61,4.61,3.643262043811632,True,0.0,,Corporate Bond Spreads,,,,,
2008-10-02,4.87,4.87,3.9528834774053543,True,0.0,,Corporate Bond Spreads,,,,,
2008-10-03,4.91,4.91,4.000517544112081,True,0.0,,Corporate Bond Spreads,,,,,
2008-10-06,5.08,5.08,4.202962327615668,True,0.0,,Corporate Bond Spreads,,,,,
2008-10-07,5.14,5.14,4.274413427675758,True,0.0,,Corporate Bond Spreads,,,,,
2008-10-08,5.26,5.26,4.417315627795937,True,0.0,,Corporate Bond Spreads,,,,,
2008-10-09,5.35,5.35,4.524492277886072,True,0.0,,Corporate Bond Spreads,,,,,
2008-10-10,5.81,5.81,5.0722840450134274,True,0.0,,Corporate Bond Spreads,,,,,
2008-10-13,5.82,5.82,5.084192561690109,True,0.0,,Corporate Bond Spreads,,,,,
2008-10-14,5.49,5.49,4.691211511359616,True,0.0,,Corporate Bond Spreads,,,,,
2008-10-15,5.54,5.54,4.750754094743024,True,0.0,,Corporate Bond Spreads,,,,,
2008-10-16,5.73,5.73,4.977015911599975,True,0.0,,Corporate Bond Spreads,,,,,
2008-10-17,5.87,5.87,5.143735145073518,True,0.0,,Corporate Bond Spreads,,,,,
2008-10-20,5.91,5.91,5.191369211780244,True,0.0,,Corporate Bond Spreads,,,,,
2008-10-21,5.94,5.94,5.22709476181029,True,0.0,,Corporate Bond Spreads,,,,,
2008-10-22,5.96,5.96,5.250911795163653,True,0.0,,Corporate Bond Spreads,,,,,
2008-10-23,5.98,5.98,5.2747288285170155,True,0.0,,Corporate Bond Spreads,,,,,
2008-10-24,6.09,6.09,5.405722511960513,True,0.0,,Corporate Bond Spreads,,,,,
2008-10-27,6.14,6.14,5.465265095343921,True,0.0,,Corporate Bond Spreads,,,,,
2008-10-28,6.15,6.15,5.477173612020604,True,0.0,,Corporate Bond Spreads,,,,,
2008-10-29,6.18,6.18,5.512899162050648,True,0.0,,Corporate Bond Spreads,,,,,
2008-10-30,6.17,6.17,5.5009906453739665,True,0.0,,Corporate Bond Spreads,,,,,
2008-10-31,6.06,6.06,5.369996961930468,True,0.0,,Corporate Bond Spreads,,,,,
2008-11-03,6.06,6.06,5.369996961930468,True,0.0,,Corporate Bond Spreads,,,,,
2008-11-04,6.03,6.03,5.334271411900424,True,0.0,,Corporate Bond Spreads,,,,,
2008-11-05,5.95,5.95,5.239003278486971,True,0.0,,Corporate Bond Spreads,,,,,
2008-11-06,5.94,5.94,5.22709476181029,True,0.0,,Corporate Bond Spreads,,,,,
2008-11-07,5.91,5.91,5.191369211780244,True,0.0,,Corporate Bond Spreads,,,,,
2008-11-10,5.86,5.86,5.131826628396836,True,0.0,,Corporate Bond Spreads,,,,,
2008-11-11,5.86,5.86,5.131826628396836,True,0.0,,Corporate Bond Spreads,,,,,
2008-11-12,5.87,5.87,5.143735145073518,True,0.0,,Corporate Bond Spreads,,,,,
2008-11-13,5.9,5.9,5.179460695103563,True,0.0,,Corporate Bond Spreads,,,,,
2008-11-14,5.88,5.88,5.155643661750199,True,0.0,,Corporate Bond Spreads,,,,,
2008-11-17,5.93,5.93,5.215186245133607,True,0.0,,Corporate Bond Spreads,,,,,
2008-11-18,5.98,5.98,5.2747288285170155,True,0.0,,Corporate Bond Spreads,,,,,
2008-11-19,6.06,6.06,5.369996961930468,True,0.0,,Corporate Bond Spreads,,,,,
2008-11-20,6.22,6.22,5.560533228757374,True,0.0,,Corporate Bond Spreads,,,,,
2008-11-21,6.36,6.36,5.7272524622309176,True,0.0,,Corporate Bond Spreads,,,,,
2008-11-24,6.36,6.36,5.7272524622309176,True,0.0,,Corporate Bond Spreads,,,,,
2008-11-25,6.38,6.38,5.7510694955842805,True,0.0,,Corporate Bond Spreads,,,,,
2008-11-26,6.39,6.39,5.762978012260962,True,0.0,,Corporate Bond Spreads,,,,,
2008-11-27,6.39,6.39,5.762978012260962,True,0.0,,Corporate Bond Spreads,,,,,
2008-11-28,6.42,6.42,5.798703562291007,True,0.0,,Corporate Bond Spreads,,,,,
2008-11-30,6.41,6.41,5.786795045614326,True,0.0,,Corporate Bond Spreads,,,,,
2008-12-01,6.44,6.44,5.822520595644371,True,0.0,,Corporate Bond Spreads,,,,,
2008-12-02,6.5,6.5,5.893971695704461,True,0.0,,Corporate Bond Spreads,,,,,
2008-12-03,6.53,6.53,5.929697245734506,True,0.0,,Corporate Bond Spreads,,,,,
2008-12-04,6.55,6.55,5.953514279087869,True,0.0,,Corporate Bond Spreads,,,,,
2008-12-05,6.56,6.56,5.96542279576455,True,0.0,,Corporate Bond Spreads,,,,,
2008-12-08,6.55,6.55,5.953514279087869,True,0.0,,Corporate Bond Spreads,,,,,
2008-12-09,6.55,6.55,5.953514279087869,True,0.0,,Corporate Bond Spreads,,,,,
2008-12-10,6.54,6.54,5.941605762411187,True,0.0,,Corporate Bond Spreads,,,,,
2008-12-11,6.52,6.52,5.917788729057823,True,0.0,,Corporate Bond Spreads,,,,,
2008-12-12,6.52,6.52,5.917788729057823,True,0.0,,Corporate Bond Spreads,,,,,
2008-12-15,6.51,6.51,5.905880212381142,True,0.0,,Corporate Bond Spreads,,,,,
2008-12-16,6.51,6.51,5.905880212381142,True,0.0,,Corporate Bond Spreads,,,,,
2008-12-17,6.42,6.42,5.798703562291007,True,0.0,,Corporate Bond Spreads,,,,,
2008-12-18,6.35,6.35,5.715343945554236,True,0.0,,Corporate Bond Spreads,,,,,
2008-12-19,6.3,6.3,5.655801362170828,True,0.0,,Corporate Bond Spreads,,,,,
2008-12-22,6.28,6.28,5.631984328817465,True,0.0,,Corporate Bond Spreads,,,,,
2008-12-23,6.25,6.25,5.596258778787419,True,0.0,,Corporate Bond Spreads,,,,,
2008-12-24,6.21,6.21,5.548624712080693,True,0.0,,Corporate Bond Spreads,,,,,
2008-12-26,6.2,6.2,5.536716195404011,True,0.0,,Corporate Bond Spreads,,,,,
2008-12-29,6.19,6.19,5.52480767872733,True,0.0,,Corporate Bond Spreads,,,,,
2008-12-30,6.12,6.12,5.441448061990559,True,0.0,,Corporate Bond Spreads,,,,,
2008-12-31,6.04,6.04,5.346179928577105,True,0.0,,Corporate Bond Spreads,,,,,
2009-01-02,6.03,6.03,5.334271411900424,True,0.0,,Corporate Bond Spreads,,,,,
2009-01-05,5.96,5.96,5.250911795163653,True,0.0,,Corporate Bond Spreads,,,,,
2009-01-06,5.82,5.82,5.084192561690109,True,0.0,,Corporate Bond Spreads,,,,,
2009-01-07,5.74,5.74,4.988924428276657,True,0.0,,Corporate Bond Spreads,,,,,
2009-01-08,5.67,5.67,4.905564811539885,True,0.0,,Corporate Bond Spreads,,,,,
2009-01-09,5.62,5.62,4.846022228156476,True,0.0,,Corporate Bond Spreads,,,,,
2009-01-12,5.59,5.59,4.810296678126432,True,0.0,,Corporate Bond Spreads,,,,,
2009-01-13,5.57,5.57,4.786479644773069,True,0.0,,Corporate Bond Spreads,,,,,
2009-01-14,5.6,5.6,4.822205194803113,True,0.0,,Corporate Bond Spreads,,,,,
2009-01-15,5.62,5.62,4.846022228156476,True,0.0,,Corporate Bond Spreads,,,,,
2009-01-16,5.54,5.54,4.750754094743024,True,0.0,,Corporate Bond Spreads,,,,,
2009-01-19,5.54,5.54,4.750754094743024,True,0.0,,Corporate Bond Spreads,,,,,
2009-01-20,5.57,5.57,4.786479644773069,True,0.0,,Corporate Bond Spreads,,,,,
2009-01-21,5.57,5.57,4.786479644773069,True,0.0,,Corporate Bond Spreads,,,,,
2009-01-22,5.57,5.57,4.786479644773069,True,0.0,,Corporate Bond Spreads,,,,,
2009-01-23,5.56,5.56,4.774571128096387,True,0.0,,Corporate Bond Spreads,,,,,
2009-01-26,5.53,5.53,4.738845578066342,True,0.0,,Corporate Bond Spreads,,,,,
2009-01-27,5.47,5.47,4.667394478006252,True,0.0,,Corporate Bond Spreads,,,,,
2009-01-28,5.4,5.4,4.5840348612694815,True,0.0,,Corporate Bond Spreads,,,,,
2009-01-29,5.38,5.38,4.560217827916118,True,0.0,,Corporate Bond Spreads,,,,,
2009-01-30,5.35,5.35,4.524492277886072,True,0.0,,Corporate Bond Spreads,,,,,
2009-01-31,5.31,5.31,4.476858211179345,True,0.0,,Corporate Bond Spreads,,,,,
2009-02-02,5.32,5.32,4.488766727856028,True,0.0,,Corporate Bond Spreads,,,,,
2009-02-03,5.31,5.31,4.476858211179345,True,0.0,,Corporate Bond Spreads,,,,,
2009-02-04,5.29,5.29,4.453041177825983,True,0.0,,Corporate Bond Spreads,,,,,
2009-02-05,5.28,5.28,4.441132661149301,True,0.0,,Corporate Bond Spreads,,,,,
2009-02-06,5.25,5.25,4.405407111119256,True,0.0,,Corporate Bond Spreads,,,,,
2009-02-09,5.2,5.2,4.3458645277358485,True,0.0,,Corporate Bond Spreads,,,,,
2009-02-10,5.19,5.19,4.333956011059167,True,0.0,,Corporate Bond Spreads,,,,,
2009-02-11,5.16,5.16,4.298230461029122,True,0.0,,Corporate Bond Spreads,,,,,
2009-02-12,5.19,5.19,4.333956011059167,True,0.0,,Corporate Bond Spreads,,,,,
2009-02-13,5.19,5.19,4.333956011059167,True,0.0,,Corporate Bond Spreads,,,,,
2009-02-16,5.19,5.19,4.333956011059167,True,0.0,,Corporate Bond Spreads,,,,,
2009-02-17,5.23,5.23,4.381590077765893,True,0.0,,Corporate Bond Spreads,,,,,
2009-02-18,5.29,5.29,4.453041177825983,True,0.0,,Corporate Bond Spreads,,,,,
2009-02-19,5.31,5.31,4.476858211179345,True,0.0,,Corporate Bond Spreads,,,,,
2009-02-20,5.41,5.41,4.5959433779461625,True,0.0,,Corporate Bond Spreads,,,,,
2009-02-23,5.44,5.44,4.631668927976207,True,0.0,,Corporate Bond Spreads,,,,,
2009-02-24,5.54,5.54,4.750754094743024,True,0.0,,Corporate Bond Spreads,,,,,
2009-02-25,5.54,5.54,4.750754094743024,True,0.0,,Corporate Bond Spreads,,,,,
2009-02-26,5.56,5.56,4.774571128096387,True,0.0,,Corporate Bond Spreads,,,,,
2009-02-27,5.58,5.58,4.7983881614497506,True,0.0,,Corporate Bond Spreads,,,,,
2009-02-28,5.48,5.48,4.679302994682934,True,0.0,,Corporate Bond Spreads,,,,,
2009-03-02,5.56,5.56,4.774571128096387,True,0.0,,Corporate Bond Spreads,,,,,
2009-03-03,5.64,5.64,4.869839261509839,True,0.0,,Corporate Bond Spreads,,,,,
2009-03-04,5.75,5.75,5.000832944953338,True,0.0,,Corporate Bond Spreads,,,,,
2009-03-05,5.81,5.81,5.0722840450134274,True,0.0,,Corporate Bond Spreads,,,,,
2009-03-06,5.87,5.87,5.143735145073518,True,0.0,,Corporate Bond Spreads,,,,,
2009-03-09,5.97,5.97,5.262820311840334,True,0.0,,Corporate Bond Spreads,,,,,
2009-03-10,5.99,5.99,5.286637345193697,True,0.0,,Corporate Bond Spreads,,,,,
2009-03-11,6.0,6.0,5.2985458618703785,True,0.0,,Corporate Bond Spreads,,,,,
2009-03-12,6.0,6.0,5.2985458618703785,True,0.0,,Corporate Bond Spreads,,,,,
2009-03-13,6.0,6.0,5.2985458618703785,True,0.0,,Corporate Bond Spreads,,,,,
2009-03-16,5.96,5.96,5.250911795163653,True,0.0,,Corporate Bond Spreads,,,,,
2009-03-17,5.95,5.95,5.239003278486971,True,0.0,,Corporate Bond Spreads,,,,,
2009-03-18,5.97,5.97,5.262820311840334,True,0.0,,Corporate Bond Spreads,,,,,
2009-03-19,5.97,5.97,5.262820311840334,True,0.0,,Corporate Bond Spreads,,,,,
2009-03-20,5.99,5.99,5.286637345193697,True,0.0,,Corporate Bond Spreads,,,,,
2009-03-23,5.99,5.99,5.286637345193697,True,0.0,,Corporate Bond Spreads,,,,,
2009-03-24,5.98,5.98,5.2747288285170155,True,0.0,,Corporate Bond Spreads,,,,,
2009-03-25,6.0,6.0,5.2985458618703785,True,0.0,,Corporate Bond Spreads,,,,,
2009-03-26,5.98,5.98,5.2747288285170155,True,0.0,,Corporate Bond Spreads,,,,,
2009-03-27,5.96,5.96,5.250911795163653,True,0.0,,Corporate Bond Spreads,,,,,
2009-03-30,5.99,5.99,5.286637345193697,True,0.0,,Corporate Bond Spreads,,,,,
2009-03-31,5.86,5.86,5.131826628396836,True,0.0,,Corporate Bond Spreads,,,,,
2009-04-01,5.86,5.86,5.131826628396836,True,0.0,,Corporate Bond Spreads,,,,,
2009-04-02,5.82,5.82,5.084192561690109,True,0.0,,Corporate Bond Spreads,,,,,
2009-04-03,5.81,5.81,5.0722840450134274,True,0.0,,Corporate Bond Spreads,,,,,
2009-04-06,5.78,5.78,5.0365584949833835,True,0.0,,Corporate Bond Spreads,,,,,
2009-04-07,5.75,5.75,5.000832944953338,True,0.0,,Corporate Bond Spreads,,,,,
2009-04-08,5.71,5.71,4.953198878246611,True,0.0,,Corporate Bond Spreads,,,,,
2009-04-09,5.63,5.63,4.857930744833158,True,0.0,,Corporate Bond Spreads,,,,,
2009-04-13,5.6,5.6,4.822205194803113,True,0.0,,Corporate Bond Spreads,,,,,
2009-04-14,5.54,5.54,4.750754094743024,True,0.0,,Corporate Bond Spreads,,,,,
2009-04-15,5.47,5.47,4.667394478006252,True,0.0,,Corporate Bond Spreads,,,,,
2009-04-16,5.4,5.4,4.5840348612694815,True,0.0,,Corporate Bond Spreads,,,,,
2009-04-17,5.32,5.32,4.488766727856028,True,0.0,,Corporate Bond Spreads,,,,,
2009-04-20,5.28,5.28,4.441132661149301,True,0.0,,Corporate Bond Spreads,,,,,
2009-04-21,5.26,5.26,4.417315627795937,True,0.0,,Corporate Bond Spreads,,,,,
2009-04-22,5.23,5.23,4.381590077765893,True,0.0,,Corporate Bond Spreads,,,,,
2009-04-23,5.2,5.2,4.3458645277358485,True,0.0,,Corporate Bond Spreads,,,,,
2009-04-24,5.16,5.16,4.298230461029122,True,0.0,,Corporate Bond Spreads,,,,,
2009-04-27,5.14,5.14,4.274413427675758,True,0.0,,Corporate Bond Spreads,,,,,
2009-04-28,5.1,5.1,4.226779360969031,True,0.0,,Corporate Bond Spreads,,,,,
2009-04-29,5.02,5.02,4.1315112275555785,True,0.0,,Corporate Bond Spreads,,,,,
2009-04-30,4.87,4.87,3.9528834774053543,True,0.0,,Corporate Bond Spreads,,,,,
2009-05-01,4.81,4.81,3.8814323773452637,True,0.0,,Corporate Bond Spreads,,,,,
2009-05-04,4.78,4.78,3.8457068273152197,True,0.0,,Corporate Bond Spreads,,,,,
2009-05-05,4.71,4.71,3.762347210578448,True,0.0,,Corporate Bond Spreads,,,,,
2009-05-06,4.64,4.64,3.678987593841676,True,0.0,,Corporate Bond Spreads,,,,,
2009-05-07,4.53,4.53,3.547993910398179,True,0.0,,Corporate Bond Spreads,,,,,
2009-05-08,4.44,4.44,3.4408172603080445,True,0.0,,Corporate Bond Spreads,,,,,
2009-05-11,4.44,4.44,3.4408172603080445,True,0.0,,Corporate Bond Spreads,,,,,
2009-05-12,4.42,4.42,3.4170002269546806,True,0.0,,Corporate Bond Spreads,,,,,
2009-05-13,4.42,4.42,3.4170002269546806,True,0.0,,Corporate Bond Spreads,,,,,
2009-05-14,4.43,4.43,3.428908743631362,True,0.0,,Corporate Bond Spreads,,,,,
2009-05-15,4.42,4.42,3.4170002269546806,True,0.0,,Corporate Bond Spreads,,,,,
2009-05-18,4.4,4.4,3.3931831936013177,True,0.0,,Corporate Bond Spreads,,,,,
2009-05-19,4.34,4.34,3.3217320935412276,True,0.0,,Corporate Bond Spreads,,,,,
2009-05-20,4.28,4.28,3.250280993481138,True,0.0,,Corporate Bond Spreads,,,,,
2009-05-21,4.25,4.25,3.214555443451093,True,0.0,,Corporate Bond Spreads,,,,,
2009-05-22,4.22,4.22,3.1788298934210477,True,0.0,,Corporate Bond Spreads,,,,,
2009-05-25,4.22,4.22,3.1788298934210477,True,0.0,,Corporate Bond Spreads,,,,,
2009-05-26,4.16,4.16,3.1073787933609585,True,0.0,,Corporate Bond Spreads,,,,,
2009-05-27,4.09,4.09,3.0240191766241864,True,0.0,,Corporate Bond Spreads,,,,,
2009-05-28,4.02,4.02,2.940659559887415,True,0.0,,Corporate Bond Spreads,,,,,
2009-05-29,3.94,3.94,2.8453914264739617,True,0.0,,Corporate Bond Spreads,,,,,
2009-05-31,3.87,3.87,2.762031809737191,True,0.0,,Corporate Bond Spreads,,,,,
2009-06-01,3.82,3.82,2.702489226353782,True,0.0,,Corporate Bond Spreads,,,,,
2009-06-02,3.71,3.71,2.571495542910285,True,0.0,,Corporate Bond Spreads,,,,,
2009-06-03,3.65,3.65,2.5000444428501942,True,0.0,,Corporate Bond Spreads,,,,,
2020-03-20,3.87,3.87,2.762031809737191,True,0.0,,Corporate Bond Spreads,,,,,
2020-03-23,4.01,4.01,2.9287510432107333,True,0.0,,Corporate Bond Spreads,,,,,
2020-03-24,3.82,3.82,2.702489226353782,True,0.0,,Corporate Bond Spreads,,,,,
2020-05-01,17853.4,21.846250443613346,3.2587593841037155,True,0.0,,M2 Money Supply,,,,,
2020-06-01,18141.1,22.81232652287528,3.4628773626622116,True,0.0,,M2 Money Supply,,,,,
2020-07-01,18298.0,23.189820581007847,3.542636426899398,True,0.0,,M2 Money Supply,,,,,
2020-08-01,18364.3,22.96396981526243,3.494917408957186,True,0.0,,M2 Money Supply,,,,,
2020-09-01,18596.6,23.718349588195366,3.6543070032364766,True,0.0,,M2 Money Supply,,,,,
2020-10-01,18751.3,23.629782492599215,3.635594049973318,True,0.0,,M2 Money Supply,,,,,
2020-11-01,18979.1,24.233974170152315,3.7632510601522937,True,0.0,,M2 Money Supply,,,,,
2020-12-01,19133.2,24.662496742246542,3.85379171534519,True,0.0,,M2 Money Supply,,,,,
2021-01-01,19359.7,25.5753463753827,4.046663711498919,True,0.0,,M2 Money Supply,,,,,
2021-02-01,19596.7,26.70007111915691,4.284301870710258,True,0.0,,M2 Money Supply,,,,,
2021-03-01,19823.4,23.94427840788307,3.7020425128538896,True,0.0,,M2 Money Supply,,,,,
2021-04-01,20161.8,18.558374201742932,2.5640784302457007,True,0.0,,M2 Money Supply,,,,,
2009-01-01,151.507,-12.490469699420093,2.540267467661997,True,0.0,,Real Estate Prices,,,,,
2009-02-01,150.014,-12.548676693482562,2.5487279828271583,True,0.0,,Real Estate Prices,,,,,
2009-03-01,148.66,-12.57916742624271,2.5531598781873153,True,0.0,,Real Estate Prices,,,,,
2000-07-01,,-0.08999999999999986,,True,0.08999999999999986,,Yield Curve Inversion,,6.05,6.14,-0.08999999999999986,True
2000-08-01,,-0.4500000000000002,,True,0.4500000000000002,,Yield Curve Inversion,,5.83,6.28,-0.4500000000000002,True
2000-09-01,,-0.3799999999999999,,True,0.3799999999999999,,Yield Curve Inversion,,5.8,6.18,-0.3799999999999999,True
2000-10-01,,-0.5499999999999998,,True,0.5499999999999998,,Yield Curve Inversion,,5.74,6.29,-0.5499999999999998,True
2000-11-01,,-0.6400000000000006,,True,0.6400000000000006,,Yield Curve Inversion,,5.72,6.36,-0.6400000000000006,True
2000-12-01,,-0.7000000000000002,,True,0.7000000000000002,,Yield Curve Inversion,,5.24,5.94,-0.7000000000000002,True
2001-01-01,,-0.1299999999999999,,True,0.1299999999999999,,Yield Curve Inversion,,5.16,5.29,-0.1299999999999999,True
2006-08-01,,-0.20999999999999996,,True,0.20999999999999996,,Yield Curve Inversion,,4.88,5.09,-0.20999999999999996,True
2006-09-01,,-0.20999999999999996,,True,0.20999999999999996,,Yield Curve Inversion,,4.72,4.93,-0.20999999999999996,True
2006-10-01,,-0.3199999999999994,,True,0.3199999999999994,,Yield Curve Inversion,,4.73,5.05,-0.3199999999999994,True
2006-11-01,,-0.47000000000000064,,True,0.47000000000000064,,Yield Curve Inversion,,4.6,5.07,-0.47000000000000064,True
2006-12-01,,-0.41000000000000014,,True,0.41000000000000014,,Yield Curve Inversion,,4.56,4.97,-0.41000000000000014,True
2007-01-01,,-0.35000000000000053,,True,0.35000000000000053,,Yield Curve Inversion,,4.76,5.11,-0.35000000000000053,True
2007-02-01,,-0.4400000000000004,,True,0.4400000000000004,,Yield Curve Inversion,,4.72,5.16,-0.4400000000000004,True
2007-03-01,,-0.5200000000000005,,True,0.5200000000000005,,Yield Curve Inversion,,4.56,5.08,-0.5200000000000005,True
2007-04-01,,-0.3199999999999994,,True,0.3199999999999994,,Yield Curve Inversion,,4.69,5.01,-0.3199999999999994,True
2007-05-01,,-0.1200000000000001,,True,0.1200000000000001,,Yield Curve Inversion,,4.75,4.87,-0.1200000000000001,True
2019-06-01,,-0.15000000000000036,,True,0.15000000000000036,,Yield Curve Inversion,,2.07,2.22,-0.15000000000000036,True
2019-07-01,,-0.08999999999999986,,True,0.08999999999999986,,Yield Curve Inversion,,2.06,2.15,-0.08999999999999986,True
2019-08-01,,-0.3600000000000001,,True,0.3600000000000001,,Yield Curve Inversion,,1.63,1.99,-0.3600000000000001,True
2019-09-01,,-0.22999999999999998,,True,0.22999999999999998,,Yield Curve Inversion,,1.7,1.93,-0.22999999999999998,True
2020-02-01,,-0.040000000000000036,,True,0.040000000000000036,,Yield Curve Inversion,,1.5,1.54,-0.040000000000000036,True
2022-11-01,,-0.43000000000000016,,True,0.43000000000000016,,Yield Curve Inversion,,3.89,4.32,-0.43000000000000016,True
2022-12-01,,-0.7400000000000002,,True,0.7400000000000002,,Yield Curve Inversion,,3.62,4.36,-0.7400000000000002,True
2023-01-01,,-1.1600000000000006,,True,1.1600000000000006,,Yield Curve Inversion,,3.53,4.69,-1.1600000000000006,True
2023-02-01,,-1.04,,True,1.04,,Yield Curve Inversion,,3.75,4.79,-1.04,True
2023-03-01,,-1.2000000000000002,,True,1.2000000000000002,,Yield Curve Inversion,,3.66,4.86,-1.2000000000000002,True
2023-04-01,,-1.6100000000000003,,True,1.6100000000000003,,Yield Curve Inversion,,3.46,5.07,-1.6100000000000003,True
2023-05-01,,-1.7399999999999998,,True,1.7399999999999998,,Yield Curve Inversion,,3.57,5.31,-1.7399999999999998,True
2023-06-01,,-1.67,,True,1.67,,Yield Curve Inversion,,3.75,5.42,-1.67,True
2023-07-01,,-1.5900000000000003,,True,1.5900000000000003,,Yield Curve Inversion,,3.9,5.49,-1.5900000000000003,True
2023-08-01,,-1.3899999999999997,,True,1.3899999999999997,,Yield Curve Inversion,,4.17,5.56,-1.3899999999999997,True
2023-09-01,,-1.1799999999999997,,True,1.1799999999999997,,Yield Curve Inversion,,4.38,5.56,-1.1799999999999997,True
2023-10-01,,-0.7999999999999998,,True,0.7999999999999998,,Yield Curve Inversion,,4.8,5.6,-0.7999999999999998,True
2023-11-01,,-1.0199999999999996,,True,1.0199999999999996,,Yield Curve Inversion,,4.5,5.52,-1.0199999999999996,True
2023-12-01,,-1.4200000000000008,,True,1.4200000000000008,,Yield Curve Inversion,,4.02,5.44,-1.4200000000000008,True
2024-01-01,,-1.3900000000000006,,True,1.3900000000000006,,Yield Curve Inversion,,4.06,5.45,-1.3900000000000006,True
2024-02-01,,-1.2300000000000004,,True,1.2300000000000004,,Yield Curve Inversion,,4.21,5.44,-1.2300000000000004,True
2024-03-01,,-1.2599999999999998,,True,1.2599999999999998,,Yield Curve Inversion,,4.21,5.47,-1.2599999999999998,True
2024-04-01,,-0.9000000000000004,,True,0.9000000000000004,,Yield Curve Inversion,,4.54,5.44,-0.9000000000000004,True
2024-05-01,,-0.9799999999999995,,True,0.9799999999999995,,Yield Curve Inversion,,4.48,5.46,-0.9799999999999995,True
2024-06-01,,-1.2000000000000002,,True,1.2000000000000002,,Yield Curve Inversion,,4.31,5.51,-1.2000000000000002,True
2024-07-01,,-1.1799999999999997,,True,1.1799999999999997,,Yield Curve Inversion,,4.25,5.43,-1.1799999999999997,True
2024-08-01,,-1.4299999999999997,,True,1.4299999999999997,,Yield Curve Inversion,,3.87,5.3,-1.4299999999999997,True
2024-09-01,,-1.1999999999999997,,True,1.1999999999999997,,Yield Curve Inversion,,3.72,4.92,-1.1999999999999997,True
2024-10-01,,-0.6200000000000001,,True,0.6200000000000001,,Yield Curve Inversion,,4.1,4.72,-0.6200000000000001,True
2024-11-01,,-0.2599999999999998,,True,0.2599999999999998,,Yield Curve Inversion,,4.36,4.62,-0.2599999999999998,True
2025-03-01,,-0.05999999999999961,,True,0.05999999999999961,,Yield Curve Inversion,,4.28,4.34,-0.05999999999999961,True
2025-04-01,,-0.040000000000000036,,True,0.040000000000000036,,Yield Curve Inversion,,4.28,4.32,-0.040000000000000036,True
2025-06-01,,-0.040000000000000036,,True,0.040000000000000036,,Yield Curve Inversion,,4.38,4.42,-0.040000000000000036,True
